,Attribute1,Attribute2,Attribute3,Attribute4,Attribute5,Attribute6,Attribute7,Attribute8,Attribute9,Attribute10,Attribute11,Attribute12,Attribute13,Attribute14,Attribute15,Attribute16,Attribute17,Attribute18,Attribute19,Attribute20,age_group,gender,personal_status,performance
131,1,36,3,6,6887,1,3,4,3,1,3,2,29,2,2,1,3,1,2,1,2,1,1,1
20,4,9,4,0,2134,1,3,4,3,1,4,3,48,3,2,3,3,1,2,1,3,1,1,0
103,2,9,4,2,1919,1,4,4,3,1,3,3,35,3,1,1,3,1,2,1,2,1,1,0
873,4,15,2,4,874,5,2,4,2,1,1,1,24,3,2,1,3,1,1,1,1,2,2,0
363,4,6,2,2,1766,1,3,1,4,1,2,2,21,3,1,1,3,1,1,1,1,1,2,0
802,1,20,4,2,4272,1,5,1,2,1,4,2,24,3,2,2,3,1,1,1,1,2,2,0
864,4,10,2,2,2210,1,3,2,3,1,2,1,25,1,1,1,2,1,1,1,2,1,1,1
981,4,48,2,9,4844,1,1,3,3,1,2,3,33,1,1,1,4,1,2,1,2,1,1,1
776,4,36,4,0,3535,1,4,4,3,1,4,3,37,3,2,2,3,1,2,1,2,1,1,0
177,1,6,4,3,338,3,5,4,3,1,4,3,52,3,2,2,3,1,1,1,3,1,1,0
883,4,18,4,3,1098,1,1,4,2,1,4,3,65,3,2,2,1,1,1,1,4,2,2,0
282,3,18,1,3,1445,5,4,4,3,1,4,3,49,1,2,1,2,1,1,1,3,1,1,0
698,4,18,4,3,1800,1,3,4,3,1,2,3,24,3,2,2,3,1,1,1,1,1,1,0
25,1,6,2,2,1374,1,3,1,3,1,2,1,36,1,2,1,2,1,2,1,2,1,1,0
214,4,36,4,3,3342,5,5,4,3,1,2,3,51,3,2,1,3,1,2,1,3,1,1,0
110,2,6,3,9,1449,2,5,1,1,1,2,3,31,1,2,2,3,2,1,1,2,1,2,0
237,2,21,2,9,2767,2,5,4,1,1,2,3,61,1,1,2,2,1,1,1,4,1,2,1
234,4,4,4,3,1544,1,4,2,3,1,1,1,42,3,2,3,2,2,1,1,3,1,1,0
51,2,27,3,1,5965,1,5,1,3,1,2,3,30,3,2,2,4,1,2,1,2,1,1,0
59,1,36,4,2,6229,1,2,4,2,2,4,4,23,3,1,2,2,1,2,1,1,2,2,1
818,1,36,2,10,15857,1,1,2,1,2,3,3,43,3,2,1,4,1,1,1,3,1,2,0
299,2,21,4,2,2745,4,4,3,3,1,2,3,32,3,2,2,3,1,2,1,2,1,1,0
205,1,30,4,1,10623,1,5,3,3,1,4,4,38,3,3,3,4,2,2,1,2,1,1,0
227,1,12,2,2,7865,1,5,4,3,1,4,4,53,3,3,1,4,1,2,1,3,1,1,1
45,4,11,4,0,1393,1,2,4,2,1,4,3,35,3,2,2,4,1,1,1,2,2,2,0
516,1,6,4,0,1361,1,2,2,3,1,4,1,40,3,2,1,2,2,1,2,3,1,1,0
413,4,10,2,0,1597,3,3,3,3,1,2,4,40,3,1,1,2,2,1,2,3,1,1,0
329,2,6,2,3,1068,1,5,4,3,1,4,3,28,3,2,1,3,2,1,1,2,1,1,0
264,4,10,4,0,1231,1,5,3,3,1,4,1,32,3,2,2,2,2,1,2,2,1,1,0
688,4,9,2,3,2753,2,5,3,3,2,4,3,35,3,2,1,3,1,2,1,2,1,1,0
908,4,15,3,1,3594,1,2,1,2,1,2,2,46,3,2,2,2,1,1,1,3,2,2,0
18,2,24,2,1,12579,1,5,4,2,1,2,4,44,3,3,1,4,1,2,1,3,2,2,1
178,4,12,2,3,1963,1,4,4,3,1,2,3,31,3,1,2,4,2,2,1,2,1,1,0
919,1,24,2,2,3345,1,5,4,3,1,2,2,39,3,1,1,4,1,2,1,2,1,1,1
934,1,12,2,3,1498,1,3,4,2,1,1,3,23,1,2,1,3,1,1,1,1,2,2,0
337,1,15,2,4,1275,5,3,4,2,1,2,3,24,3,1,1,3,1,1,1,1,2,2,1
349,2,9,4,6,1136,4,5,4,3,1,3,4,32,3,3,2,3,2,1,1,2,1,1,1
448,3,12,2,2,1424,5,5,3,2,1,4,1,55,3,2,1,4,1,2,1,3,2,2,0
681,4,12,2,3,2279,5,3,4,3,1,4,4,37,3,3,1,3,1,2,1,2,1,1,0
196,4,6,4,3,1382,1,3,1,2,1,1,3,28,3,2,2,3,1,2,1,2,2,2,0
397,1,36,4,2,2348,1,3,3,4,1,2,2,46,3,2,2,3,1,2,1,3,1,2,0
153,2,24,4,1,7758,4,5,2,2,1,4,4,29,3,1,1,3,1,1,1,2,2,2,0
929,1,12,3,0,1344,1,3,4,3,1,2,1,43,3,2,2,2,2,1,1,3,1,1,0
599,4,24,3,9,3863,1,3,1,3,1,2,4,32,3,3,1,3,1,1,1,2,1,1,0
853,1,18,1,0,1442,1,4,4,3,1,4,4,32,3,3,2,2,2,1,1,2,1,1,1
470,2,24,2,3,3092,2,2,3,4,1,2,3,22,3,1,1,3,1,2,1,1,1,2,1
143,1,18,2,2,2462,1,3,2,3,1,2,3,22,3,2,1,3,1,1,1,1,1,1,1
593,2,24,2,0,2718,1,3,3,2,1,4,2,20,3,1,1,2,1,2,1,1,2,2,1
247,4,6,0,0,1204,2,3,4,3,1,1,4,35,1,1,1,3,1,1,2,2,1,1,0
777,1,18,2,3,3509,1,4,4,2,3,1,1,25,3,2,1,3,1,1,1,2,2,2,0
450,4,36,4,1,11054,5,3,4,3,1,2,3,30,3,2,1,4,1,2,1,2,1,1,0
719,2,20,0,1,6148,2,5,3,4,1,4,3,31,1,2,2,3,1,2,1,2,1,2,0
817,4,6,4,3,1554,1,4,1,2,1,2,3,24,3,1,2,3,1,2,1,1,2,2,0
443,4,12,2,6,719,1,5,4,3,1,4,3,41,1,2,1,2,2,1,1,3,1,1,1
861,4,18,3,9,2169,1,3,4,4,1,2,3,28,3,2,1,3,1,2,1,2,1,2,1
107,2,12,2,0,6078,1,4,2,3,1,2,3,32,3,2,1,3,1,1,1,2,1,1,0
849,1,12,2,3,709,1,5,4,3,1,4,1,57,2,2,1,2,1,1,1,3,1,1,1
739,2,30,0,9,4280,2,3,4,2,1,4,3,26,3,1,2,2,1,1,1,2,2,2,1
263,4,12,4,6,2748,1,5,2,2,1,4,4,57,1,3,3,2,1,1,1,3,2,2,0
664,3,6,4,6,1047,1,3,2,2,1,4,2,50,3,2,1,2,1,1,1,3,2,2,0
643,4,24,4,3,1851,1,4,4,4,3,2,3,33,3,2,2,3,1,2,1,2,1,2,0
106,4,18,1,0,6458,1,5,2,3,1,4,4,39,1,2,2,4,2,2,1,2,1,1,1
521,1,18,2,3,3190,1,3,2,2,1,2,1,24,3,2,1,3,1,1,1,1,2,2,1
404,2,18,3,0,2899,5,5,4,3,1,4,3,43,3,2,1,3,2,1,1,3,1,1,0
365,4,12,2,9,1542,1,4,2,3,1,4,3,36,3,2,1,3,1,2,1,2,1,1,0
127,2,12,2,5,639,1,3,4,3,1,2,3,30,3,2,1,3,1,1,1,2,1,1,1
812,1,36,4,1,9629,1,4,4,3,1,4,3,24,3,2,2,3,1,2,1,1,1,1,1
662,4,21,2,2,2241,1,5,4,3,1,2,1,50,3,2,2,3,1,1,1,3,1,1,0
998,1,45,2,3,1845,1,3,4,3,1,4,4,23,3,3,1,3,1,2,1,1,1,1,1
774,3,12,4,0,1480,3,1,2,3,1,4,4,66,1,3,3,1,1,1,1,4,1,1,0
79,2,30,2,2,3832,1,2,2,4,1,1,2,22,3,2,1,3,1,1,1,1,1,2,0
162,4,15,2,4,1262,3,4,4,3,1,3,2,36,3,2,2,3,1,2,1,2,1,1,0
501,1,36,2,1,5493,1,5,2,3,1,4,4,42,3,3,1,3,2,1,1,3,1,1,0
209,4,12,2,1,1413,4,4,3,3,1,2,2,55,3,2,1,3,1,1,2,3,1,1,0
510,1,12,2,0,759,1,4,4,3,1,2,1,26,3,2,1,3,1,1,1,2,1,1,1
317,2,24,2,2,4351,5,3,1,2,1,4,2,48,3,2,1,2,1,2,1,3,2,2,0
80,4,24,2,3,5943,5,2,1,2,1,1,3,44,3,2,2,3,1,2,1,3,2,2,1
598,4,18,4,0,2775,1,4,2,3,1,2,2,31,1,2,2,3,1,1,1,2,1,1,1
286,1,48,2,1,4788,1,4,4,3,1,3,2,26,3,2,1,3,2,1,1,2,1,1,0
848,1,9,2,3,1364,1,4,3,3,1,4,1,59,3,2,1,3,1,1,1,3,1,1,0
387,2,18,4,2,7374,1,1,4,3,1,4,2,40,2,2,2,4,1,2,1,3,1,1,0
328,3,36,2,3,4473,1,5,4,3,1,2,3,31,3,2,1,3,1,1,1,2,1,1,0
402,4,24,3,9,8648,1,2,2,3,1,2,3,27,1,2,2,3,1,2,1,2,1,1,1
180,4,36,3,9,9572,1,2,1,1,1,1,3,28,3,2,2,3,1,1,1,2,1,2,1
145,2,48,1,9,3566,2,4,4,3,1,2,3,30,3,2,1,3,1,1,1,2,1,1,0
253,4,24,3,2,4151,2,3,2,3,1,3,2,35,3,2,2,3,1,1,1,2,1,1,0
291,2,36,2,1,9398,1,2,1,4,1,4,3,28,3,1,1,4,1,2,1,2,1,2,1
623,1,12,2,2,1858,1,2,4,2,1,1,3,22,3,1,1,3,1,1,1,1,2,2,0
35,2,45,4,3,4746,1,2,4,3,1,2,2,25,3,2,2,2,1,1,1,2,1,1,1
523,4,24,2,1,3488,2,4,3,2,1,4,3,23,3,2,1,3,1,1,1,1,2,2,0
842,4,18,2,5,1943,1,2,4,2,1,4,1,23,3,2,1,3,1,1,1,1,2,2,1
895,4,36,3,1,8947,5,4,3,3,1,2,3,31,2,2,1,4,2,2,1,2,1,1,0
731,1,24,2,3,1987,1,3,2,3,1,4,1,21,3,1,1,2,2,1,1,1,1,1,1
986,3,42,0,9,6289,1,2,2,1,1,1,2,33,3,2,2,3,1,1,1,2,1,2,0
218,1,24,2,2,3021,1,3,2,1,1,2,1,24,3,1,1,2,1,1,1,1,1,2,0
188,1,12,2,3,674,2,4,4,4,1,1,2,20,3,2,1,3,1,1,1,1,1,2,1
584,4,12,2,0,2133,5,5,4,2,1,4,4,52,3,3,1,4,1,2,1,3,2,2,0
257,1,12,1,3,2149,1,3,4,1,1,1,4,29,3,3,1,3,1,1,1,2,1,2,1
56,2,12,2,3,6468,5,1,2,3,1,1,4,52,3,2,1,4,1,2,1,3,1,1,1
0,1,6,4,3,1169,5,5,4,3,1,4,1,67,3,2,2,3,1,2,1,4,1,1,0
355,2,24,2,0,1246,1,2,4,3,1,2,1,23,2,2,1,2,1,1,1,1,1,1,1
554,2,9,2,6,1199,1,4,4,2,1,4,2,67,3,2,2,4,1,2,1,4,2,2,0
591,2,24,3,0,1965,5,3,4,2,1,4,3,42,3,1,2,3,1,2,1,3,2,2,0
202,4,27,3,9,5117,1,4,3,3,1,4,3,26,3,2,2,3,1,1,1,2,1,1,0
880,4,24,2,1,7814,1,4,3,3,1,3,3,38,3,2,1,4,1,2,1,2,1,1,0
132,4,15,2,2,2708,1,2,2,3,1,3,2,27,1,2,2,2,1,1,1,2,1,1,0
314,3,4,2,0,1494,5,2,1,3,1,2,1,29,3,2,1,2,2,1,2,2,1,1,0
988,1,24,2,1,6579,1,1,4,3,1,2,4,29,3,3,1,4,1,2,1,2,1,1,0
570,1,24,2,2,3234,1,2,4,2,1,4,1,23,3,1,1,2,1,2,1,1,2,2,1
927,1,48,2,1,10297,1,4,4,3,1,4,4,39,2,3,3,3,2,2,1,2,1,1,1
830,4,24,3,9,2375,3,3,4,3,1,2,3,44,3,2,2,3,2,2,1,3,1,1,0
407,1,15,2,3,1053,1,2,4,4,1,2,1,27,3,2,1,3,1,1,2,2,1,2,0
268,1,14,2,0,8978,1,5,1,1,1,4,2,45,3,2,1,4,1,2,2,3,1,2,1
138,2,15,4,3,2728,5,4,4,3,3,2,1,35,1,2,3,3,1,2,1,2,1,1,0
609,4,15,2,1,1300,5,5,4,3,1,4,4,45,1,3,1,3,2,1,1,3,1,1,0
73,2,42,4,9,5954,1,4,2,2,1,1,1,41,1,2,2,2,1,1,1,3,2,2,0
260,1,12,2,2,1657,1,3,2,3,1,2,1,27,3,2,1,3,1,1,1,2,1,1,0
248,3,24,2,2,1925,1,3,2,3,1,2,1,26,3,2,1,3,1,1,1,2,1,1,0
629,4,9,2,6,3832,5,5,1,3,1,4,1,64,3,2,1,2,1,1,1,4,1,1,0
368,1,36,2,2,3446,1,5,4,3,1,2,3,42,3,2,1,3,2,1,1,3,1,1,1
706,2,48,2,0,6560,2,4,3,3,1,2,2,24,3,2,1,3,1,1,1,1,1,1,1
357,4,36,3,3,4463,1,3,4,3,1,2,3,26,3,2,2,4,1,2,1,2,1,1,1
246,4,12,4,3,717,1,5,4,3,1,4,1,52,3,2,3,3,1,1,1,3,1,1,0
938,2,60,2,6,6288,1,3,4,3,1,4,4,42,3,3,1,3,1,1,1,3,1,1,1
101,2,36,2,3,2323,1,4,4,3,1,4,3,24,3,1,1,3,1,1,1,1,1,1,0
677,2,72,2,3,5595,2,3,2,4,1,2,3,24,3,2,1,3,1,1,1,1,1,2,1
37,3,18,2,3,2100,1,3,4,3,2,2,1,37,2,2,1,3,1,1,1,2,1,1,1
690,1,15,4,2,975,1,3,2,1,1,3,2,25,3,2,2,3,1,1,1,2,1,2,0
741,2,10,1,3,1048,1,3,4,3,1,4,1,23,2,2,1,2,1,1,1,1,1,1,0
68,4,36,2,6,1819,1,3,4,3,1,4,4,37,2,3,1,3,1,2,1,2,1,1,1
194,2,45,2,3,3031,2,3,4,3,3,4,2,21,3,1,1,3,1,1,1,1,1,1,1
421,2,12,2,1,2028,5,3,4,3,1,2,3,30,3,2,1,3,1,1,1,2,1,1,0
568,2,48,2,3,3979,5,4,4,3,1,1,3,41,3,2,2,3,2,2,1,3,1,1,0
347,2,24,2,3,3758,3,1,1,2,1,4,4,23,3,1,1,1,1,1,1,1,2,2,0
613,1,24,1,1,3632,1,3,1,2,3,4,3,22,1,1,1,3,1,1,2,1,2,2,0
714,2,60,2,0,14027,1,4,4,3,1,2,4,27,3,2,1,4,1,2,1,2,1,1,1
7,2,36,2,1,6948,1,3,2,3,1,2,3,35,3,1,1,4,1,2,1,2,1,1,0
38,3,10,2,4,1225,1,3,2,3,1,2,3,37,3,2,1,3,1,2,1,2,1,1,0
968,4,42,2,3,7166,5,4,2,4,1,4,2,29,3,1,1,3,1,2,1,2,1,2,0
642,4,15,2,6,4623,2,3,3,3,1,2,2,40,3,2,1,4,1,2,1,3,1,1,1
560,1,24,2,1,2964,5,5,4,3,1,4,4,49,1,3,1,3,2,2,1,3,1,1,0
64,4,24,2,3,3181,1,2,4,2,1,4,2,26,3,2,1,3,1,2,1,2,2,2,0
305,4,6,2,2,1543,4,3,4,1,1,2,1,33,3,2,1,3,1,1,1,2,1,2,0
868,4,36,2,9,7409,5,5,3,3,1,2,2,37,3,2,2,3,1,1,1,2,1,1,0
811,2,6,2,3,484,1,4,3,4,3,3,1,28,1,2,1,2,1,1,1,2,1,2,0
800,4,24,4,6,1597,1,5,4,3,1,4,4,54,3,3,2,3,2,1,1,3,1,1,0
109,2,14,2,9,1410,3,5,1,4,1,2,1,35,3,2,1,3,1,2,1,2,1,2,0
936,3,9,2,3,745,1,3,3,2,1,2,1,28,3,2,1,2,1,1,1,2,2,2,1
555,2,12,2,3,1331,1,2,2,3,1,1,3,22,2,2,1,3,1,1,1,1,1,1,1
913,4,11,2,9,2142,4,5,1,1,1,2,1,28,3,2,1,3,1,2,1,2,1,2,0
748,4,21,2,1,5248,5,3,1,3,1,3,3,26,3,2,1,3,1,1,1,2,1,1,0
695,4,6,2,1,1236,3,3,2,3,1,4,2,50,3,1,1,3,1,1,1,3,1,1,0
655,1,14,2,0,3973,1,1,1,3,1,4,4,22,3,3,1,3,1,1,1,1,1,1,0
288,2,12,2,3,1092,1,3,4,2,3,4,1,49,3,2,2,3,1,2,1,3,2,2,0
42,2,18,3,5,6204,1,3,2,3,1,4,1,44,3,2,1,2,2,2,1,3,1,1,0
579,4,24,2,8,937,1,2,4,4,1,3,3,27,3,2,2,2,1,1,1,2,1,2,0
626,3,6,2,2,2116,1,3,2,3,1,2,1,41,3,2,1,3,1,2,1,3,1,1,0
175,4,30,1,1,7485,5,1,4,2,1,1,1,53,1,2,1,4,1,2,1,3,2,2,1
489,4,6,2,0,3518,1,3,2,3,3,3,2,26,3,1,1,3,1,1,1,2,1,1,0
146,1,6,4,0,860,1,5,1,2,1,4,4,39,3,2,2,3,1,2,1,2,2,2,0
406,4,24,4,1,2197,5,4,4,3,1,4,3,43,3,2,2,3,2,2,1,3,1,1,0
425,2,18,2,1,2779,1,3,1,4,1,3,3,21,3,1,1,3,1,2,1,1,1,2,0
562,3,6,3,3,683,1,2,2,2,1,1,2,29,1,2,1,3,1,1,1,2,2,2,0
747,1,12,2,0,1274,1,2,3,2,1,1,1,37,3,2,1,2,1,1,1,2,2,2,1
445,4,9,4,6,1244,5,5,4,2,1,4,2,41,3,1,2,2,1,1,1,3,2,2,0
472,1,9,2,0,654,1,3,4,3,1,3,3,28,3,2,1,2,1,1,1,2,1,1,1
245,4,24,2,9,1258,1,4,4,3,1,1,1,25,3,2,1,3,1,2,1,2,1,1,0
924,1,24,1,2,6872,1,2,2,1,1,1,2,55,1,2,1,3,1,2,1,3,1,2,1
928,4,30,2,3,1867,5,5,4,3,1,4,3,58,3,2,1,3,1,2,1,3,1,1,0
98,2,36,4,3,2337,1,5,4,3,1,4,1,36,3,2,1,3,1,1,1,2,1,1,0
481,2,24,2,0,1201,1,2,4,3,1,1,2,26,3,2,1,3,1,1,1,2,1,1,0
273,2,48,2,3,3060,1,4,4,3,1,4,1,28,3,2,2,3,1,1,1,2,1,1,1
456,1,11,4,0,3905,1,3,2,3,1,2,1,36,3,1,2,3,2,1,1,2,1,1,0
310,2,48,2,10,5381,5,1,3,3,1,4,4,40,1,3,1,1,1,2,1,3,1,1,0
374,2,60,1,10,14782,2,5,3,2,1,4,4,60,1,3,2,4,1,2,1,4,2,2,1
186,2,9,1,1,5129,1,5,2,2,1,4,4,74,1,3,1,4,2,2,1,4,2,2,1
468,4,33,3,9,2764,1,3,2,2,1,2,3,26,3,2,2,3,1,2,1,2,2,2,0
653,2,36,3,0,8086,2,5,2,3,1,4,3,42,3,2,4,4,1,2,1,3,1,1,1
860,4,24,4,1,5804,4,3,4,3,1,2,1,27,3,2,2,3,1,1,1,2,1,1,0
9,2,30,4,0,5234,1,1,4,4,1,2,3,28,3,2,2,4,1,1,1,2,1,2,1
171,4,12,2,2,763,1,3,4,2,1,1,1,26,3,2,1,3,1,2,1,2,2,2,0
94,2,12,2,0,1318,4,5,4,3,1,4,1,54,3,2,1,3,1,2,1,3,1,1,0
910,4,36,3,3,4454,1,3,4,2,1,4,1,34,3,2,2,3,1,1,1,2,2,2,0
44,1,48,4,1,6143,1,5,4,2,1,4,4,58,2,3,2,2,1,1,1,3,2,2,1
412,4,12,4,9,2292,1,1,4,3,1,2,3,42,2,2,2,4,1,2,1,3,1,1,1
474,2,18,4,3,1245,1,3,4,4,1,2,3,33,3,2,1,3,1,1,1,2,1,2,1
984,4,24,4,2,2028,1,4,2,3,1,2,2,30,3,2,2,2,1,1,1,2,1,1,0
945,2,48,0,0,8358,3,2,1,2,1,1,3,30,3,2,2,3,1,1,1,2,2,2,0
92,4,12,4,3,797,5,5,4,2,1,3,2,33,1,2,1,2,2,1,1,2,2,2,1
894,4,18,4,3,1169,5,3,4,3,1,3,2,29,3,2,2,3,1,2,1,2,1,1,0
710,4,18,4,3,629,3,5,4,3,1,3,2,32,1,2,2,4,1,2,1,2,1,1,0
704,2,27,2,9,2528,1,2,4,2,1,1,2,32,3,2,1,3,2,2,1,2,2,2,0
206,4,12,4,2,1935,1,5,4,3,1,4,1,43,3,2,3,3,1,2,1,3,1,1,0
547,4,24,2,3,1552,1,4,3,3,1,1,3,32,1,2,1,3,2,1,1,2,1,1,0
723,2,9,2,3,790,3,3,4,2,1,3,1,66,3,2,1,2,1,1,1,4,2,2,0
743,1,24,1,2,2483,3,3,4,3,1,4,1,22,2,2,1,3,1,2,1,1,1,1,0
112,2,18,2,0,6260,1,4,3,3,1,3,1,28,3,1,1,2,1,1,1,2,1,1,0
941,4,10,2,0,1546,1,3,3,3,1,2,1,31,3,2,1,2,2,1,2,2,1,1,0
210,4,9,4,3,3074,5,3,1,3,1,2,1,33,3,2,2,3,2,1,1,2,1,1,0
808,2,42,1,1,9283,1,1,1,3,1,2,4,55,1,3,1,4,1,2,1,3,1,1,0
810,2,8,2,9,907,1,2,3,4,1,2,1,26,3,2,1,3,1,2,1,2,1,2,0
276,4,18,4,3,2404,1,3,2,2,1,2,3,26,3,2,2,3,1,1,1,2,2,2,0
34,3,12,2,2,1474,1,2,4,2,1,1,2,33,1,2,1,4,1,2,1,2,2,2,0
494,1,12,4,0,2122,1,3,3,3,1,2,1,39,3,1,2,2,2,1,2,2,1,1,0
768,2,12,4,2,3617,1,5,1,3,1,4,3,28,3,1,3,3,1,2,1,2,1,1,0
843,4,24,1,9,1559,1,4,4,3,1,4,3,50,1,2,1,3,1,2,1,3,1,1,0
280,4,15,4,1,3368,4,5,3,3,1,4,4,23,3,1,2,3,1,2,1,1,1,1,0
63,2,48,0,9,14421,1,3,2,3,1,2,3,25,3,2,1,3,1,2,1,2,1,1,1
377,4,7,3,3,846,5,5,3,3,1,4,4,36,3,3,1,3,1,1,1,2,1,1,0
358,4,12,2,3,776,1,3,4,4,1,2,1,28,3,2,1,3,1,1,1,2,1,2,0
632,2,15,2,3,1444,5,2,4,3,1,1,2,23,3,2,1,3,1,1,1,1,1,1,0
590,1,12,4,3,385,1,4,4,2,1,3,1,58,3,2,4,2,1,2,1,3,2,2,0
401,2,18,4,9,1887,5,3,4,4,1,4,1,28,1,2,2,3,1,1,1,2,1,2,0
683,4,24,4,3,5103,1,2,3,4,1,3,4,47,3,3,3,3,1,2,1,3,1,2,0
53,4,18,2,1,3378,5,3,2,3,1,1,2,31,3,2,1,3,1,2,1,2,1,1,0
86,2,18,4,2,1295,1,2,4,2,1,1,2,27,3,2,2,3,1,1,1,2,2,2,0
487,4,24,2,0,3757,1,5,4,2,2,4,4,62,3,3,1,3,1,2,1,4,2,2,0
15,1,24,2,3,1282,2,3,4,2,1,2,3,32,3,2,1,2,1,1,1,2,2,2,1
90,4,12,4,3,618,1,5,4,3,1,4,1,56,3,2,1,3,1,1,1,3,1,1,0
875,2,11,4,0,1322,4,3,4,2,1,4,3,40,3,2,2,3,1,1,1,3,2,2,0
795,4,9,2,2,2301,2,2,2,2,1,4,2,22,3,1,1,3,1,1,1,1,2,2,0
581,2,12,4,0,3124,1,2,1,3,1,3,1,49,1,2,2,2,2,1,1,3,1,1,0
484,4,12,4,0,1163,3,3,4,3,1,4,1,44,3,2,1,3,1,2,1,3,1,1,0
121,4,24,4,1,3868,1,5,4,2,1,2,3,41,3,1,2,4,1,2,1,3,2,2,0
360,2,18,2,6,1239,5,3,4,3,1,4,4,61,3,3,1,3,1,1,1,4,1,1,0
663,2,6,3,2,1050,1,1,4,3,1,1,2,35,2,2,2,4,1,2,1,2,1,1,0
486,4,12,2,3,3077,1,3,2,3,1,4,3,52,3,2,1,3,1,2,1,3,1,1,0
100,4,24,2,0,1469,2,5,4,4,1,4,1,41,3,1,1,2,1,1,1,3,1,2,0
964,2,6,2,5,454,1,2,3,4,1,1,2,22,3,2,1,2,1,1,1,1,1,2,0
330,1,24,4,1,6615,1,1,2,3,1,4,4,75,3,3,2,4,1,2,1,4,1,1,0
161,4,18,4,0,1055,1,2,4,2,1,1,2,30,3,2,2,3,1,1,1,2,2,2,0
190,4,24,2,9,4591,4,3,2,3,1,3,2,54,3,2,3,4,1,2,1,3,1,1,1
447,2,7,2,3,2576,1,3,2,3,3,2,1,35,3,2,1,3,1,1,1,2,1,1,0
155,1,12,2,2,1282,1,3,2,2,1,4,3,20,3,1,1,3,1,1,1,1,2,2,1
321,1,24,2,3,1938,1,2,4,1,1,3,2,32,3,2,1,3,1,1,1,2,1,2,1
369,2,18,2,2,3001,1,4,2,2,1,4,1,40,3,1,1,3,1,1,1,3,2,2,0
465,1,24,2,1,2924,1,3,3,3,3,4,4,63,1,2,1,3,2,2,1,4,1,1,0
682,4,15,3,3,1478,1,3,4,4,1,3,1,33,1,2,2,3,1,1,1,2,1,2,0
168,4,24,2,2,3972,1,4,2,2,1,4,2,25,3,1,1,3,1,2,1,2,2,2,0
834,3,15,2,3,2327,1,2,2,2,1,3,1,25,3,2,1,2,1,1,1,2,2,2,1
70,4,36,2,1,8133,1,3,1,2,1,2,2,30,1,2,1,3,1,1,1,2,2,2,0
371,4,18,4,3,6070,1,5,3,3,1,4,3,33,3,2,2,3,1,2,1,2,1,1,0
97,2,18,2,9,2622,2,3,4,3,1,4,3,34,3,2,1,3,1,1,1,2,1,1,0
685,4,60,2,0,6527,5,3,4,3,1,4,4,34,3,3,1,3,2,2,1,2,1,1,0
503,2,24,4,3,1216,2,2,4,3,1,4,4,38,1,2,2,3,2,1,1,2,1,1,1
660,3,12,2,3,1297,1,3,3,4,1,4,1,23,3,1,1,3,1,1,1,1,1,2,0
863,4,27,4,2,4526,4,2,4,3,1,2,1,32,2,2,2,2,2,2,1,2,1,1,0
40,4,30,2,3,2333,3,5,4,3,1,2,3,30,1,2,1,4,1,1,1,2,1,1,0
320,2,30,4,0,4249,1,1,4,4,1,2,3,28,3,2,2,4,1,1,1,2,1,2,1
251,3,12,2,2,2251,1,3,1,2,1,2,3,46,3,2,1,2,1,1,1,3,2,2,0
431,2,24,2,10,11328,1,3,2,3,2,3,3,29,1,2,2,4,1,2,1,2,1,1,1
344,3,10,2,0,3949,1,2,1,3,3,1,2,37,3,2,1,2,2,1,1,2,1,1,0
232,4,12,2,3,2141,2,4,3,3,1,1,4,35,3,2,1,3,1,1,1,2,1,1,0
148,1,36,4,2,5371,1,3,3,3,3,2,2,28,3,2,2,3,1,1,1,2,1,1,0
827,4,18,0,9,4165,1,3,2,3,1,2,3,36,2,2,2,3,2,1,1,2,1,1,1
293,3,42,4,1,4796,1,5,4,3,1,4,4,56,3,3,1,3,1,1,1,3,1,1,0
108,1,24,2,2,7721,5,2,1,2,1,2,2,30,3,2,1,3,1,2,2,2,2,2,0
217,3,36,2,3,3913,1,3,2,3,1,2,1,23,3,2,1,3,1,2,1,1,1,1,0
711,1,6,1,6,1198,1,5,4,2,1,4,4,35,3,3,1,3,1,1,1,2,2,2,1
805,1,36,2,0,9271,1,4,2,3,1,1,3,24,3,2,1,3,1,2,1,1,1,1,1
113,4,36,4,0,7855,1,3,4,2,1,2,1,25,2,2,2,3,1,2,1,2,2,2,1
855,4,24,2,0,1474,2,2,4,4,1,3,1,33,3,2,1,3,1,2,1,2,1,2,0
463,2,12,2,8,754,5,5,4,3,1,4,2,38,3,2,2,3,1,1,1,2,1,1,0
545,1,24,3,0,1333,1,1,4,3,1,2,1,43,3,3,2,3,2,1,1,3,1,1,1
258,4,15,2,1,3812,2,2,1,2,1,4,3,23,3,2,1,3,1,2,1,1,2,2,0
192,2,27,2,9,3915,1,3,4,3,1,2,3,36,3,2,1,3,2,2,1,2,1,1,1
553,2,12,4,0,1995,2,2,4,3,1,1,3,27,3,2,1,3,1,1,1,2,1,1,0
537,2,18,4,2,3612,1,5,3,2,1,4,2,37,3,2,1,3,1,2,1,2,2,2,0
552,1,48,2,3,6999,1,4,1,4,3,1,1,34,3,2,2,3,1,2,1,2,1,2,1
962,4,15,2,0,3556,5,3,3,3,1,2,4,29,3,2,1,3,1,1,1,2,1,1,0
1,2,48,2,3,5951,1,3,2,2,1,2,1,22,3,2,1,3,1,1,1,1,2,2,1
762,1,12,2,3,2214,1,3,4,3,1,3,2,24,3,2,1,2,1,1,1,1,1,1,0
432,1,6,4,2,1872,1,1,4,3,1,4,4,36,3,3,3,4,1,2,1,2,1,1,0
543,3,18,2,2,2864,1,3,2,3,1,1,1,34,3,2,1,2,2,1,1,2,1,1,1
449,2,15,3,5,1512,4,3,3,4,1,3,2,61,2,2,2,3,1,1,1,4,1,2,1
996,1,30,2,1,3857,1,3,4,1,1,4,2,40,3,2,1,4,1,2,1,3,1,2,0
699,3,15,2,6,1905,1,5,4,3,1,4,3,40,3,1,1,4,1,2,1,3,1,1,0
270,4,18,2,0,2662,5,4,4,3,1,3,2,32,3,2,1,3,1,1,2,2,1,1,0
173,2,8,2,3,1414,1,3,4,3,3,2,1,33,3,2,1,3,1,1,2,2,1,1,0
275,4,9,2,3,2697,1,3,1,3,1,2,1,32,3,2,1,3,2,1,1,2,1,1,0
892,1,12,4,0,2171,1,3,4,3,1,4,2,38,1,2,2,2,1,1,2,2,1,1,0
799,2,9,2,0,1549,5,2,4,3,1,2,1,35,3,2,1,1,1,1,1,2,1,1,0
871,3,6,4,0,1343,1,5,1,3,1,4,1,46,3,2,2,3,2,1,2,3,1,1,0
628,4,42,4,2,4042,3,3,4,3,1,4,1,36,3,2,2,3,1,2,1,2,1,1,0
600,2,7,2,3,2329,1,2,1,2,3,1,1,45,3,2,1,3,1,1,1,3,2,2,0
564,2,24,3,9,4712,5,3,4,3,1,2,2,37,1,2,2,4,1,2,1,2,1,1,0
483,4,15,3,2,960,4,4,3,2,1,2,2,30,3,2,2,3,1,1,1,2,2,2,0
13,1,24,4,0,1199,1,5,4,3,1,4,3,60,3,2,2,2,1,1,1,4,1,1,1
142,1,27,2,3,3416,1,3,3,3,1,2,3,27,3,2,1,4,1,1,1,2,1,1,0
149,4,18,4,3,1582,4,5,4,3,1,4,3,46,3,2,2,3,1,1,1,3,1,1,0
825,1,21,4,0,1602,1,5,4,4,1,3,3,30,3,2,2,3,1,2,1,2,1,2,0
753,4,30,4,3,5771,1,4,4,2,1,2,3,25,3,2,2,3,1,1,1,2,2,2,0
490,4,12,4,3,1934,1,5,2,3,1,2,4,26,3,2,2,3,1,1,1,2,1,1,0
119,2,12,4,0,2366,3,4,3,1,1,3,3,36,3,2,1,4,1,2,1,2,1,2,0
11,1,48,2,9,4308,1,2,3,2,1,4,2,24,3,1,1,3,1,1,1,1,2,2,1
840,1,36,2,2,5179,1,4,4,3,1,2,2,29,3,2,1,3,1,1,1,2,1,1,1
345,4,15,4,3,1459,1,3,4,2,1,2,3,43,3,2,1,2,1,1,1,3,2,2,0
693,1,6,4,0,4716,5,2,1,3,1,3,1,44,3,2,2,2,2,1,1,3,1,1,0
346,2,13,4,3,882,1,2,4,3,3,4,1,23,3,2,2,3,1,1,1,1,1,1,0
771,1,36,4,6,8065,1,3,3,2,1,2,4,25,3,2,2,4,1,2,1,2,2,2,1
820,4,12,2,0,1101,1,3,3,4,1,2,1,27,3,2,2,3,1,2,1,2,1,2,0
550,4,12,4,5,996,5,4,4,2,1,4,1,23,3,2,2,3,1,1,1,1,2,2,0
469,4,24,3,1,4679,1,4,3,3,1,3,3,35,3,2,2,2,1,2,1,2,1,1,0
540,2,12,2,3,1534,1,2,1,4,1,1,1,23,3,1,1,3,1,1,1,1,1,2,1
452,4,12,0,2,2759,1,5,2,3,1,4,2,34,3,2,2,3,1,1,1,2,1,1,0
944,1,15,2,2,1845,1,2,4,2,3,1,2,46,3,1,1,3,1,1,1,3,2,2,0
466,1,24,3,3,1659,1,2,4,2,1,2,3,29,3,1,1,2,1,2,1,2,2,2,1
353,1,12,0,3,6199,1,3,4,3,1,2,2,28,3,1,2,3,1,2,1,2,1,1,1
187,2,16,4,0,1175,1,1,2,3,1,3,3,68,3,3,3,1,1,2,1,4,1,1,0
193,4,6,2,3,2108,1,4,2,4,1,2,1,29,3,1,1,3,1,1,1,2,1,2,0
801,2,18,4,3,1795,1,5,3,2,3,4,1,48,1,1,2,2,1,2,1,3,2,2,0
592,4,21,2,9,1572,4,5,4,2,1,4,1,36,1,2,1,2,1,1,1,2,2,2,0
8,4,12,2,3,3059,4,4,2,1,1,4,1,61,3,2,1,2,1,1,1,4,1,2,0
442,2,20,3,10,2629,1,3,2,3,1,3,3,29,1,2,2,3,1,2,1,2,1,1,0
398,2,12,2,0,1223,1,5,1,1,1,1,1,46,3,1,2,3,1,1,1,3,1,2,1
71,4,7,4,3,730,5,5,4,3,1,2,2,46,3,1,2,2,1,2,1,3,1,1,0
458,1,6,2,4,343,1,2,4,2,1,1,1,27,3,2,1,3,1,1,1,2,2,2,0
594,1,24,1,10,1358,5,5,4,3,1,3,3,40,2,2,1,4,1,2,1,3,1,1,1
675,4,30,4,3,4530,1,4,4,2,1,4,3,26,3,1,1,4,1,2,1,2,2,2,0
335,1,6,4,2,3384,1,3,1,1,1,4,1,44,3,1,1,4,1,2,1,3,1,2,1
27,3,12,1,3,409,4,3,3,2,1,3,1,42,3,1,2,3,1,1,1,3,2,2,0
415,4,36,4,1,5842,1,5,2,3,1,2,2,35,3,2,2,3,2,2,1,2,1,1,0
785,2,18,2,9,1941,4,3,4,3,1,2,2,35,3,2,1,2,1,2,1,2,1,1,0
512,3,15,2,9,2687,1,4,2,3,1,4,2,26,3,1,1,3,1,2,1,2,1,1,0
195,2,9,4,6,1501,1,5,2,2,1,3,3,34,3,2,2,4,1,2,1,2,2,2,1
136,4,27,3,1,8613,4,3,2,3,1,2,3,27,3,2,2,3,1,1,1,2,1,1,0
972,1,24,1,0,1193,1,1,1,2,2,4,4,29,3,1,2,1,1,1,1,2,2,2,1
497,4,24,4,2,1585,1,4,4,3,1,3,2,40,3,2,2,3,1,1,1,3,1,1,0
89,1,12,0,5,1108,1,4,4,3,1,3,1,28,3,2,2,3,1,1,1,2,1,1,1
959,2,24,2,2,3069,2,5,4,3,1,4,4,30,3,3,1,3,1,1,1,2,1,1,0
829,2,48,3,9,6681,5,3,4,3,1,4,4,38,3,3,1,3,2,2,1,2,1,1,0
348,4,6,3,9,1743,2,3,1,3,1,2,1,34,3,2,2,2,1,1,1,2,1,1,0
703,2,30,3,9,2503,2,5,4,3,1,2,2,41,2,2,2,3,1,1,1,3,1,1,0
394,4,9,4,2,2406,1,1,2,3,1,3,3,31,3,2,1,4,1,1,1,2,1,1,0
995,4,12,2,2,1736,1,4,3,2,1,4,1,31,3,2,1,2,1,1,1,2,2,2,0
605,1,24,1,2,2828,3,3,4,3,1,4,1,22,2,2,1,3,1,2,1,1,1,1,0
4,1,24,3,0,4870,1,3,3,3,1,4,4,53,3,3,2,3,2,1,1,3,1,1,1
334,1,24,0,2,4110,1,5,3,3,1,4,4,23,1,1,2,3,2,1,1,1,1,1,1
566,1,12,2,0,1372,1,4,2,1,1,3,3,36,3,2,1,3,1,1,1,2,1,2,1
697,4,12,4,0,926,1,1,1,2,1,2,2,38,3,2,1,1,1,1,1,2,2,2,0
958,1,28,2,0,4006,1,3,3,3,1,2,3,45,3,2,1,2,1,1,1,3,1,1,1
511,4,36,2,1,4686,1,3,2,3,1,2,4,32,3,3,1,4,1,2,1,2,1,1,0
376,4,18,3,3,2320,1,1,2,4,1,3,1,34,3,2,2,3,1,1,1,2,1,2,0
179,1,21,4,0,571,1,5,4,3,1,4,1,65,3,2,2,3,1,1,1,4,1,1,0
341,1,21,2,2,3599,1,4,1,2,1,4,3,26,3,1,1,2,1,1,1,2,2,2,0
960,4,6,4,3,1740,1,5,2,4,1,2,1,30,3,1,2,3,1,1,1,2,1,2,0
583,2,36,2,5,2384,1,2,4,3,1,1,4,33,3,1,1,2,1,1,1,2,1,1,1
26,4,6,0,3,426,1,5,4,4,1,4,3,39,3,2,1,2,1,1,1,2,1,2,0
514,4,24,2,0,2255,5,2,4,3,1,1,2,54,3,2,1,3,1,1,1,3,1,1,0
99,2,20,3,1,7057,5,4,3,3,1,4,2,36,1,1,2,4,2,2,1,2,1,1,0
536,1,6,2,0,1374,5,1,4,2,1,3,2,75,3,2,1,4,1,2,1,4,2,2,0
391,2,12,2,2,983,4,2,1,2,1,4,1,19,3,1,1,2,1,1,1,1,2,2,0
656,2,12,2,0,888,1,5,4,3,1,4,3,41,1,2,1,2,2,1,1,3,1,1,1
383,3,12,2,0,1330,1,2,4,3,1,1,1,26,3,2,1,3,1,1,1,2,1,1,0
212,1,27,0,9,5293,1,1,2,3,1,4,2,50,2,2,2,3,1,2,1,3,1,1,1
453,4,24,2,1,2670,1,5,4,3,1,4,3,35,3,2,1,4,1,2,1,2,1,1,0
378,2,36,2,0,14318,1,5,4,3,1,2,4,57,3,3,1,4,1,2,1,3,1,1,1
91,1,12,4,1,1409,1,5,4,3,1,3,1,54,3,2,1,3,1,1,1,3,1,1,0
735,2,36,1,4,3990,5,2,3,2,1,2,4,29,1,2,1,1,1,1,1,2,2,2,0
96,4,12,4,6,2012,5,4,4,2,1,2,3,61,3,2,1,3,1,1,1,4,2,2,0
225,4,36,0,5,2613,1,3,4,3,1,2,3,27,3,2,2,3,1,1,1,2,1,1,0
691,2,15,2,5,2631,2,3,3,2,1,2,1,25,3,2,1,2,1,1,1,2,2,2,0
918,1,24,2,2,2359,2,1,1,1,1,1,2,33,3,2,1,3,1,1,1,2,1,2,1
309,2,9,2,0,276,1,3,4,4,1,4,1,22,3,1,1,2,1,1,1,1,1,2,0
950,2,18,4,9,3590,1,1,3,4,1,3,3,40,3,2,3,1,2,2,1,3,1,2,0
21,1,6,2,3,2647,3,3,2,3,1,3,1,44,3,1,1,3,2,1,1,3,1,1,0
737,1,18,2,0,4380,2,3,3,3,1,4,3,35,3,2,1,2,2,2,1,2,1,1,0
646,1,30,0,2,4583,1,3,2,1,3,2,1,32,3,2,2,3,1,1,1,2,1,2,0
507,2,15,1,0,6850,2,1,1,3,1,2,2,34,3,2,1,4,2,2,1,2,1,1,1
420,4,15,2,0,3186,4,4,2,2,1,3,3,20,3,1,1,3,1,1,1,1,2,2,0
272,2,48,1,0,12169,5,1,4,3,2,4,4,36,3,3,1,4,1,2,1,2,1,1,0
496,2,36,2,2,9034,2,2,4,3,2,1,4,29,3,1,1,4,1,2,1,2,1,1,1
81,4,15,2,3,1213,3,5,4,3,1,3,2,47,2,2,1,3,1,2,1,3,1,1,0
150,4,6,2,3,1346,2,5,2,3,1,4,4,42,1,3,1,3,2,2,1,3,1,1,0
754,4,12,3,5,1555,4,5,4,3,1,4,4,55,3,3,2,3,2,1,1,3,1,1,1
948,4,18,2,2,1533,1,2,4,4,2,1,2,43,3,2,1,2,2,1,1,3,1,2,1
229,1,24,2,2,3149,1,2,4,3,1,1,4,22,1,3,1,3,1,1,1,1,1,1,0
823,1,8,4,0,731,1,5,4,3,1,4,1,47,3,2,2,2,1,1,1,3,1,1,0
120,1,21,2,3,1835,1,3,3,2,1,2,1,25,3,2,2,3,1,2,1,2,2,2,1
60,2,9,2,9,1391,1,3,2,4,1,1,1,27,1,2,1,3,1,2,1,2,1,2,0
491,2,27,0,9,8318,1,5,2,2,1,4,4,42,3,3,2,4,1,2,1,3,2,2,1
603,4,36,2,2,3349,1,3,4,2,1,2,3,28,3,2,1,4,1,2,1,2,2,2,1
809,2,15,0,0,1778,1,2,2,2,1,1,1,26,3,1,2,1,1,1,1,2,2,2,1
763,4,21,4,0,12680,5,5,4,3,1,4,4,30,3,3,1,4,1,2,1,2,1,1,1
139,3,12,2,3,1881,1,3,2,2,1,2,3,44,3,1,1,2,1,2,1,3,2,2,0
410,2,24,2,3,1967,1,5,4,2,1,4,3,20,3,2,1,3,1,2,1,1,2,2,0
879,4,30,4,3,6742,5,4,2,3,1,3,2,36,3,2,2,3,1,1,1,2,1,1,0
76,1,42,2,3,3965,1,2,4,3,1,3,3,34,3,2,1,3,1,1,1,2,1,1,1
588,1,18,2,4,1217,1,3,4,4,1,3,1,47,3,2,1,2,1,2,1,3,1,2,1
430,4,5,2,9,3448,1,4,1,3,1,4,1,74,3,2,1,2,1,1,1,4,1,1,0
159,4,6,4,3,1898,5,3,1,3,1,2,1,34,3,2,2,2,2,1,1,2,1,1,0
813,1,48,2,4,3051,1,3,3,3,1,4,3,54,3,2,1,3,1,1,1,3,1,1,1
912,2,30,2,3,2991,5,5,2,2,1,4,3,25,3,2,1,3,1,1,1,2,2,2,0
134,4,60,2,3,10144,2,4,2,2,1,4,1,21,3,2,1,3,1,2,1,1,2,2,0
750,1,6,2,2,428,1,5,2,2,1,1,2,49,1,2,1,3,1,2,1,3,2,2,0
428,4,9,2,2,1313,1,5,1,3,1,4,3,20,3,2,1,3,1,1,1,1,1,1,0
881,4,24,2,1,9277,5,3,2,1,1,4,4,48,3,3,1,3,1,2,1,3,1,2,0
565,2,24,3,3,1553,2,4,3,2,1,2,2,23,3,1,2,3,1,2,1,1,2,2,0
48,4,11,4,0,7228,1,3,1,3,1,4,2,39,3,2,2,2,1,1,1,2,1,1,0
947,4,12,2,0,2859,5,1,4,3,1,4,4,38,3,2,1,4,1,2,1,2,1,1,0
22,1,10,4,0,2241,1,2,1,3,1,3,1,48,3,1,2,2,2,1,2,3,1,1,0
803,4,12,4,3,976,5,5,4,3,1,4,3,35,3,2,2,3,1,1,1,2,1,1,0
804,2,12,2,0,7472,5,1,1,2,1,2,1,24,3,1,1,1,1,1,1,1,2,2,0
766,1,30,2,2,3108,1,2,2,1,1,4,2,31,3,2,1,2,1,1,1,2,1,2,1
730,2,24,3,3,6403,1,2,1,3,1,2,3,33,3,2,1,3,1,1,1,2,1,1,0
216,1,18,0,9,3104,1,4,3,3,1,1,2,31,1,2,1,3,1,2,1,2,1,1,0
50,2,24,3,2,2333,5,2,4,3,1,2,2,29,1,2,1,2,1,1,1,2,1,1,0
269,4,24,2,3,999,5,5,4,3,1,2,3,25,3,2,2,3,1,1,1,2,1,1,0
176,1,12,2,2,2577,1,3,2,1,1,1,3,42,3,2,1,3,1,1,1,3,1,2,0
392,1,36,2,0,3249,1,4,2,3,1,4,4,39,1,3,1,4,2,2,1,2,1,1,0
790,2,21,2,9,1188,1,5,2,2,1,4,2,39,3,2,1,3,2,1,1,2,2,2,1
43,1,30,4,1,6187,2,4,1,4,1,4,3,24,3,1,2,3,1,1,1,1,1,2,0
62,2,36,0,9,1953,1,5,4,3,1,4,4,61,3,3,1,4,1,2,1,4,1,1,1
259,4,11,4,3,1154,2,1,4,2,1,4,1,57,3,2,3,2,1,1,1,3,2,2,0
332,2,60,2,0,7408,2,2,4,2,1,2,2,24,3,2,1,4,1,1,1,1,2,2,1
636,4,24,2,3,1376,3,4,4,2,1,1,3,28,3,2,1,3,1,1,1,2,2,2,0
796,1,18,2,1,7511,5,5,1,3,1,4,2,51,3,3,1,3,2,2,1,3,1,1,1
459,4,18,2,3,4594,1,2,3,3,1,2,3,32,3,2,1,3,1,2,1,2,1,1,0
393,1,6,4,3,1957,1,4,1,2,1,4,3,31,3,2,1,3,1,1,1,2,2,2,0
467,4,48,3,3,7238,5,5,3,3,1,3,3,32,1,2,2,3,2,1,1,2,1,1,0
544,4,12,4,0,1255,1,5,4,3,1,4,1,61,3,2,2,2,1,1,1,4,1,1,0
831,1,18,2,0,1216,1,2,4,2,1,3,3,23,3,1,1,3,1,2,1,1,2,2,1
236,2,6,2,0,14555,5,1,1,3,1,2,2,23,3,2,1,1,1,2,1,1,1,1,1
779,2,18,2,5,3872,1,1,2,2,1,4,3,67,3,2,1,3,1,2,1,4,2,2,0
604,3,10,2,2,1275,1,2,4,2,1,2,2,23,3,2,1,3,1,1,1,1,2,2,0
82,4,18,2,9,1568,2,3,3,2,1,4,2,24,3,1,1,2,1,1,1,1,2,2,0
230,3,36,2,3,4210,1,3,4,3,1,2,3,26,3,2,1,3,1,1,1,2,1,1,1
619,4,12,2,0,640,1,3,4,1,1,2,1,49,3,2,1,2,1,1,1,3,1,2,0
460,1,36,2,2,3620,1,3,1,3,3,2,2,37,3,2,1,3,2,1,1,2,1,1,0
733,4,24,2,1,2603,4,3,2,2,1,4,3,28,3,1,1,3,1,2,1,2,2,2,0
370,4,36,2,0,3079,5,3,4,3,1,4,1,36,3,2,1,3,1,1,1,2,1,1,0
499,3,6,4,0,1323,2,5,2,1,1,4,3,28,3,2,2,3,2,2,1,2,1,2,0
856,4,10,2,8,894,5,4,4,2,1,3,2,40,3,2,1,3,1,2,1,3,2,2,0
181,2,36,3,9,4455,1,3,2,1,1,2,1,30,2,2,2,4,1,2,1,2,1,2,1
814,1,48,2,0,3931,1,4,4,3,1,4,4,46,3,3,1,3,2,1,1,3,1,1,1
271,4,12,4,2,1402,3,4,3,2,1,4,3,37,3,1,1,3,1,2,1,2,2,2,0
157,1,12,1,8,339,1,5,4,4,1,1,3,45,1,2,1,2,1,1,1,3,1,2,0
326,4,12,4,2,5801,5,5,2,3,1,4,2,49,3,1,1,3,1,2,1,3,1,1,0
261,1,24,2,3,1603,1,5,4,2,1,4,3,55,3,2,1,3,1,1,1,3,2,2,0
651,2,12,2,2,1922,1,3,4,3,1,2,2,37,3,2,1,2,1,1,1,2,1,1,1
414,1,24,2,0,1381,5,3,4,2,1,2,2,35,3,2,1,3,1,1,1,2,2,2,1
970,2,15,2,5,1514,2,3,4,3,3,2,1,22,3,2,1,3,1,1,1,1,1,1,0
902,4,36,4,1,10477,5,5,2,3,1,4,4,42,3,3,2,3,1,1,1,3,1,1,0
949,4,24,2,3,3621,2,5,2,3,1,4,3,31,3,2,2,3,1,1,1,2,1,1,1
166,1,18,2,2,1131,1,1,4,2,1,2,3,33,3,2,1,3,1,1,1,2,2,2,1
201,1,12,2,0,1168,1,3,4,4,1,3,1,27,3,2,1,2,1,1,1,2,1,2,0
285,1,47,2,0,10722,1,2,1,2,1,1,1,35,3,2,1,2,1,2,1,2,2,2,0
797,4,12,4,2,1258,1,2,2,2,1,4,2,22,3,1,2,2,1,1,1,1,2,2,0
362,3,12,3,0,2247,1,3,2,2,1,2,3,36,2,2,2,3,1,2,1,2,2,2,0
154,2,24,3,9,6967,2,4,4,3,1,4,3,36,3,1,1,4,1,2,1,2,1,1,0
943,4,4,4,0,1455,1,4,2,3,1,1,1,42,3,2,3,2,2,1,1,3,1,1,0
517,4,36,4,2,7127,1,2,2,2,1,4,2,23,3,1,2,3,1,2,1,1,2,2,1
289,1,24,3,3,1024,1,2,4,4,1,4,1,48,2,2,1,3,1,1,1,3,1,2,1
262,1,18,4,0,5302,1,5,2,3,1,4,4,36,3,3,3,4,1,2,1,2,1,1,0
480,2,12,4,3,3573,1,3,1,2,1,1,1,23,3,2,1,2,1,1,1,1,2,2,0
408,4,24,2,3,3235,3,5,3,1,1,2,3,26,3,2,1,4,1,2,1,2,1,2,0
720,3,9,0,3,1337,1,2,4,3,1,2,3,34,3,2,2,4,1,2,1,2,1,1,1
900,1,16,4,0,2625,1,5,2,3,3,4,2,43,1,1,1,3,1,2,1,3,1,1,1
890,1,27,4,9,2442,1,5,4,3,1,4,3,43,2,2,4,4,2,2,1,3,1,1,0
2,4,12,4,6,2096,1,4,2,3,1,3,1,49,3,2,1,2,2,1,1,3,1,1,0
475,1,18,0,2,3114,1,2,1,2,1,4,2,26,3,1,1,3,1,1,1,2,2,2,1
985,1,15,4,2,1433,1,3,4,2,1,3,2,25,3,1,2,3,1,1,1,2,2,2,0
185,4,15,4,3,1360,1,3,4,3,1,2,2,31,3,2,2,3,1,1,1,2,1,1,0
877,4,36,2,3,3595,1,5,4,3,1,2,3,28,3,2,1,3,1,1,1,2,1,1,0
687,2,36,3,0,2862,2,5,4,3,1,3,4,30,3,3,1,3,1,1,1,2,1,1,0
652,1,24,2,0,2303,1,5,4,3,2,1,1,45,3,2,1,3,1,1,1,3,1,1,1
83,1,24,2,10,1755,1,5,4,2,3,4,1,58,3,2,1,2,1,2,1,3,2,2,0
957,2,9,4,3,1154,1,5,2,3,1,4,1,37,3,2,3,2,1,1,1,2,1,1,0
116,1,42,2,3,7174,5,4,4,2,1,3,3,30,3,2,1,4,1,2,1,2,2,2,1
558,1,24,1,2,3552,1,4,3,3,1,4,3,27,1,2,1,3,1,1,1,2,1,1,1
41,2,12,2,3,1158,3,3,3,1,1,1,3,26,3,2,1,3,1,2,1,2,1,2,0
658,2,30,0,9,4221,1,3,2,2,1,1,3,28,3,2,2,3,1,1,1,2,2,2,0
946,1,24,1,2,3349,3,2,4,3,1,4,4,30,3,3,1,3,2,2,1,2,1,1,1
732,2,8,2,3,760,1,4,4,2,3,2,1,44,3,2,1,2,1,1,1,3,2,2,0
356,4,12,4,3,2331,5,5,1,3,2,4,1,49,3,2,1,3,1,2,1,3,1,1,0
167,2,11,2,2,1577,4,2,4,2,1,1,1,20,3,2,1,3,1,1,1,1,2,2,0
455,4,24,2,1,2679,1,2,4,2,1,1,4,29,3,2,1,4,1,2,1,2,2,2,0
937,2,6,2,3,2063,1,2,4,4,1,3,3,30,3,1,1,4,1,2,1,2,1,2,0
12,2,12,2,3,1567,1,3,1,2,1,1,3,22,3,2,1,3,1,2,1,1,2,2,0
645,4,36,3,9,7980,5,2,4,3,1,4,3,27,3,1,2,3,1,2,1,2,1,1,1
351,2,9,2,2,959,1,3,1,2,1,2,3,29,3,2,1,3,1,1,2,2,2,2,1
424,2,12,2,2,2762,5,5,1,2,1,2,2,25,1,2,1,3,1,2,1,2,2,2,1
578,2,36,4,0,2820,1,2,4,1,1,4,3,27,3,2,2,3,1,1,1,2,1,2,1
990,4,12,4,6,3565,5,2,2,3,1,1,2,37,3,2,2,2,2,1,1,2,1,1,0
911,2,24,4,2,4736,1,2,2,2,1,4,3,25,1,2,1,2,1,1,1,2,2,2,1
901,4,20,4,0,3485,5,2,2,1,1,4,1,44,3,2,2,3,1,2,1,3,1,2,0
640,1,18,2,6,750,1,1,4,2,1,1,1,27,3,2,1,1,1,1,1,2,2,2,1
845,2,21,2,2,3976,5,4,2,3,1,3,3,35,3,2,1,3,1,2,1,2,1,1,0
440,4,12,2,0,1884,1,5,4,3,1,4,3,39,3,2,1,4,1,2,1,2,1,1,0
844,4,18,2,2,3422,1,5,4,3,1,4,2,47,1,2,3,3,2,2,1,3,1,1,0
172,2,24,3,2,2064,1,1,3,2,1,2,2,34,3,2,1,4,1,2,1,2,2,2,1
233,2,18,2,3,866,1,3,4,4,3,2,1,25,3,2,1,2,1,1,1,2,1,2,0
586,1,9,4,0,2799,1,3,2,3,1,2,1,36,3,1,2,3,2,1,1,2,1,1,0
359,1,30,2,2,2406,1,4,4,2,1,4,1,23,3,1,1,3,1,1,1,1,2,2,1
669,3,30,4,3,3017,1,5,4,3,1,4,2,47,3,2,1,3,1,1,1,3,1,1,0
622,4,48,2,9,3914,5,3,4,1,1,2,1,38,1,2,1,3,1,1,1,2,1,2,1
478,2,12,2,9,1037,2,4,3,3,1,4,1,39,3,2,1,2,1,1,1,2,1,1,0
614,4,18,3,2,1808,1,4,4,2,1,1,1,22,3,2,1,3,1,1,1,1,2,2,1
381,2,18,2,1,12976,1,1,3,2,1,4,4,38,3,3,1,4,1,2,1,2,2,2,1
84,1,10,2,3,2315,1,5,3,3,1,4,1,52,3,2,1,2,1,1,1,3,1,1,0
47,1,6,2,1,1352,3,1,1,2,1,2,2,23,3,1,1,1,1,2,1,1,2,2,0
244,4,12,1,8,3447,3,3,4,2,1,3,1,35,3,2,1,2,2,1,1,2,2,2,0
992,1,18,2,3,1936,5,4,2,4,1,4,3,23,3,1,2,2,1,1,1,1,1,2,0
821,3,12,2,3,3016,1,3,3,4,1,1,3,24,3,2,1,3,1,1,1,1,1,2,0
631,1,18,1,2,1553,1,3,4,3,1,3,3,44,1,2,1,3,1,1,1,3,1,1,1
752,2,12,2,9,841,2,4,2,2,1,4,1,23,3,1,1,2,1,1,1,1,2,2,0
174,1,21,3,6,3414,1,2,2,3,1,1,2,26,3,2,2,3,1,1,1,2,1,1,1
637,4,60,3,3,15653,1,4,2,3,1,4,3,21,3,2,2,3,1,2,1,1,1,1,0
308,2,8,2,2,1237,1,3,3,2,1,4,1,24,3,2,1,3,1,1,1,1,2,2,1
794,4,24,2,2,3062,3,5,4,3,1,3,4,32,3,1,1,3,1,2,1,2,1,1,0
922,1,9,2,3,1366,1,2,3,2,1,4,2,22,3,1,1,3,1,1,1,1,2,2,1
788,2,48,3,6,6224,1,5,4,3,1,4,4,50,3,3,1,3,1,1,1,3,1,1,1
340,2,24,4,6,5743,1,2,2,2,1,4,4,24,3,3,2,3,1,2,1,1,2,2,0
477,3,24,2,3,5152,1,4,4,3,1,2,3,25,1,2,1,3,1,1,1,2,1,1,0
755,1,24,2,0,1285,5,4,4,2,1,4,4,32,3,1,1,3,1,1,1,2,2,2,1
95,2,54,0,9,15945,1,2,3,3,1,4,4,58,3,1,1,3,1,2,1,3,1,1,1
435,2,12,2,3,1484,5,3,2,4,1,1,1,25,3,2,1,3,1,2,1,2,1,2,1
419,2,18,2,0,1042,5,3,4,2,1,2,2,33,3,2,1,3,1,1,1,2,2,2,1
318,4,12,4,6,701,1,3,4,3,1,2,3,32,3,2,2,3,1,1,1,2,1,1,0
504,1,24,2,0,1207,1,2,4,2,1,4,2,24,3,1,1,3,1,1,1,1,2,2,1
930,1,24,2,2,1747,1,2,4,3,2,1,2,24,3,2,1,2,1,1,2,1,1,1,0
617,1,6,4,0,3676,1,3,1,3,1,3,1,37,3,1,3,3,2,1,1,2,1,1,0
509,4,39,2,1,8588,2,5,4,3,1,2,3,45,3,2,1,4,1,2,1,3,1,1,0
451,4,6,2,3,518,1,3,3,2,1,1,1,29,3,2,1,3,1,1,1,2,2,2,0
866,1,18,2,3,2389,1,2,4,2,1,1,3,27,2,2,1,3,1,1,1,2,2,2,0
343,2,18,2,9,4439,1,5,1,3,2,1,1,33,1,2,1,4,1,2,1,2,1,1,0
667,4,48,1,9,3609,1,3,1,2,1,1,1,27,2,2,1,3,1,1,1,2,2,2,0
278,4,6,2,2,4611,1,2,1,2,1,4,2,32,3,2,1,3,1,1,1,2,2,2,1
3,1,42,2,2,7882,1,4,2,3,3,4,2,45,3,3,1,3,2,1,1,3,1,1,0
49,4,12,2,3,2073,2,3,4,2,2,2,1,28,3,2,1,3,1,1,1,2,2,2,0
641,2,15,2,5,1308,1,5,4,3,1,4,3,38,3,2,2,2,1,1,1,2,1,1,0
52,4,12,2,3,1262,1,3,3,3,1,2,3,25,3,2,1,3,1,1,1,2,1,1,0
241,4,6,2,3,1595,1,4,3,3,1,2,2,51,3,2,1,3,2,1,1,3,1,1,0
69,4,36,2,3,2394,5,3,4,2,1,4,3,25,3,2,1,3,1,1,1,2,2,2,0
87,2,36,2,6,12612,2,3,1,3,1,4,4,47,3,3,1,3,2,2,1,3,1,1,1
961,2,21,3,0,2353,1,3,1,1,1,4,2,47,3,2,2,3,1,1,1,3,1,2,0
141,2,36,2,3,4795,1,2,4,2,1,1,4,30,3,2,1,4,1,2,1,2,2,2,0
806,2,6,2,3,590,1,2,3,4,1,3,1,26,3,2,1,2,1,1,2,2,1,2,0
441,1,12,2,2,1620,1,3,2,2,2,3,2,30,3,2,1,3,1,1,1,2,2,2,0
648,3,24,2,0,947,1,4,4,3,1,3,4,38,1,3,1,3,2,1,1,2,1,1,1
621,4,18,4,0,1530,1,3,3,3,1,2,2,32,1,2,2,3,1,1,1,2,1,1,1
117,1,10,4,2,2132,5,2,2,2,2,3,1,27,3,1,2,3,1,1,2,2,2,2,0
956,3,30,4,3,3656,5,5,4,3,1,4,2,49,2,2,2,2,1,1,1,3,1,1,0
529,1,6,2,0,662,1,2,3,3,1,4,1,41,3,2,1,2,2,2,1,3,1,1,0
55,4,6,1,0,783,5,3,1,3,3,2,1,26,2,2,1,2,2,1,1,2,1,1,0
158,2,24,2,0,3512,2,4,2,3,1,3,3,38,1,2,2,3,1,2,1,2,1,1,0
437,4,24,4,0,1287,4,5,4,2,1,4,1,37,3,2,2,3,1,2,1,2,2,2,0
290,4,12,2,9,1076,1,3,2,4,1,2,1,26,3,2,1,3,1,2,2,2,1,2,0
760,4,15,4,0,5045,5,5,1,2,1,4,3,59,3,2,1,3,1,2,1,3,2,2,0
701,1,48,4,1,6331,1,5,4,3,1,4,4,46,3,3,2,3,1,2,1,3,1,1,1
219,4,10,2,0,1364,1,3,2,2,1,4,3,64,3,2,1,3,1,2,1,4,2,2,0
765,2,12,2,3,1155,1,5,3,4,3,3,1,40,1,2,2,2,1,1,1,3,1,2,0
903,4,15,2,3,1386,5,3,4,4,1,2,1,40,3,1,1,3,1,2,1,3,1,2,0
471,1,6,2,6,448,1,2,4,2,1,4,2,23,3,2,1,3,1,1,1,1,2,2,1
350,4,9,2,4,1236,1,2,1,2,1,4,1,23,3,1,1,3,1,2,1,1,2,2,0
252,2,30,2,0,2150,1,3,4,2,3,2,4,24,1,2,1,3,1,1,1,1,2,2,1
707,2,12,0,2,2969,1,2,4,2,1,3,2,25,3,1,2,3,1,1,1,2,2,2,1
75,1,12,4,1,1526,1,5,4,3,1,4,4,66,3,3,2,4,1,1,1,4,1,1,0
191,2,48,0,9,3844,2,4,4,3,1,4,4,34,3,3,1,2,2,1,1,2,1,1,1
786,4,22,2,3,2675,3,5,3,3,1,4,3,40,3,2,1,3,1,1,1,3,1,1,0
569,1,48,2,3,6758,1,3,3,2,1,2,3,31,3,2,1,3,1,2,1,2,2,2,1
837,4,4,2,2,601,1,2,1,2,1,3,1,23,3,1,1,2,2,1,1,1,2,2,0
978,4,24,3,0,2538,1,5,4,3,1,4,3,47,3,2,2,2,2,1,1,3,1,1,1
976,2,6,2,3,753,1,3,2,2,3,3,1,64,3,2,1,3,1,1,1,4,2,2,0
717,4,18,2,3,1505,1,3,4,3,1,2,4,32,3,3,1,4,1,2,1,2,1,1,0
54,2,36,3,0,2225,1,5,4,3,1,4,4,57,1,3,2,3,1,2,1,3,1,1,1
680,4,6,2,6,1538,1,2,1,2,1,2,4,56,3,2,1,3,1,1,1,3,2,2,0
24,4,10,4,2,2069,5,3,2,4,1,1,3,26,3,2,2,3,1,1,2,2,1,2,0
304,4,48,4,0,10127,3,3,2,3,1,2,4,44,1,3,1,3,1,1,1,3,1,1,1
935,2,30,3,3,1919,2,2,4,3,1,3,4,30,2,2,2,4,1,1,1,2,1,1,1
500,1,24,2,0,3123,1,2,4,2,1,1,2,27,3,2,1,3,1,1,1,2,2,2,1
461,1,15,2,0,1721,1,2,2,3,1,3,1,36,3,2,1,3,1,1,1,2,1,1,0
417,1,18,3,6,8471,5,3,1,2,1,2,3,23,3,1,2,3,1,2,1,1,2,2,0
793,3,24,2,2,2892,1,5,3,1,1,4,4,51,3,3,1,3,1,1,1,3,1,2,0
6,4,24,2,2,2835,3,5,3,3,1,4,2,53,3,2,1,3,1,1,1,3,1,1,0
906,1,21,2,0,3763,5,4,2,3,2,2,1,24,3,2,1,2,1,1,2,1,1,1,0
884,2,24,2,2,4057,1,4,3,1,1,3,3,43,3,2,1,3,1,2,1,3,1,2,1
426,4,28,4,3,2743,1,5,4,3,1,2,3,29,3,2,2,3,1,1,1,2,1,1,0
983,1,36,2,1,8229,1,3,2,3,1,2,2,26,3,2,1,3,2,1,1,2,1,1,1
923,2,12,2,0,2002,1,4,3,3,1,4,2,30,3,1,1,3,2,2,1,2,1,1,0
163,2,10,2,0,7308,1,1,2,3,1,4,4,70,1,3,1,4,1,2,1,4,1,1,0
676,4,24,4,2,5150,1,5,4,3,1,4,3,33,3,2,1,3,1,2,1,2,1,1,0
852,4,15,4,3,1471,1,3,4,3,1,4,4,35,3,3,2,3,1,2,1,2,1,1,0
28,2,7,2,3,2415,1,3,3,3,3,2,1,34,3,2,1,3,1,1,1,2,1,1,0
862,1,24,2,3,2439,1,2,4,2,1,4,1,35,3,2,1,3,1,2,1,2,2,2,1
572,4,24,2,1,5433,5,1,2,2,1,4,2,26,3,1,1,4,1,2,1,2,2,2,0
549,4,48,4,1,8858,5,4,2,3,1,1,4,35,3,3,2,3,1,2,1,2,1,1,0
878,1,9,2,0,1422,1,2,3,3,1,2,4,27,3,3,1,4,1,2,1,2,1,1,1
634,2,24,2,0,1355,1,2,3,2,1,4,3,25,3,2,1,2,1,2,1,2,2,2,1
933,4,12,4,3,522,3,5,4,3,1,4,2,42,3,2,2,3,2,2,1,3,1,1,0
361,3,12,2,3,3399,5,5,2,3,1,3,3,37,3,2,1,4,1,1,1,2,1,1,0
436,4,6,2,5,660,3,4,2,4,1,4,1,23,3,1,1,2,1,1,1,1,1,2,0
734,4,4,4,0,3380,1,4,1,2,1,1,1,37,3,2,1,3,2,1,1,2,2,2,0
917,1,6,2,0,14896,1,5,1,3,1,4,4,68,1,2,1,4,1,2,1,4,1,1,1
528,1,36,2,3,2302,1,3,4,1,1,4,3,31,3,1,1,3,1,1,1,2,1,2,1
709,2,9,2,3,2118,1,3,2,3,1,2,1,37,3,2,1,2,2,1,1,2,1,1,0
969,1,11,4,0,3939,1,3,1,3,1,2,1,40,3,2,2,2,2,1,1,3,1,1,0
736,2,24,2,1,11560,1,3,1,2,1,4,3,23,3,1,2,4,1,1,1,1,2,2,1
485,2,6,3,0,1209,1,1,4,3,1,4,2,47,3,2,1,4,1,2,1,3,1,1,1
57,4,36,4,3,9566,1,3,2,2,1,2,3,31,2,2,2,3,1,1,1,2,2,2,0
